{"train/cls/acc": 0.3333333333333333, "_runtime": 20, "_timestamp": 1620552111, "_step": 39, "train/cls/prec": 0.0, "train/cls/rec": 0.0, "train/cls/f1": 0.0, "train/dom/acc": 0.3333333333333333, "train/dom/prec": 0.25, "train/dom/rec": 0.25, "train/dom/f1": 0.25, "val/cls/acc": 0.16666666666666666, "val/cls/prec": 1.0, "val/cls/rec": 0.16666666666666666, "val/cls/f1": 0.2857142857142857}